participant_id,consent,eligible,arm,saved_nok,attention,seconds
SYN-001,yes,yes,human,291,pass,160
SYN-002,yes,yes,control,321,pass,262
SYN-003,yes,yes,ai,378,pass,150
SYN-004,yes,yes,human,292,pass,261
SYN-005,yes,yes,ai,359,pass,208
SYN-006,yes,yes,ai,234,pass,137
SYN-007,yes,yes,control,326,fail,270
SYN-008,yes,yes,ai,320,pass,153
SYN-009,yes,yes,human,196,pass,235
SYN-010,yes,yes,human,153,pass,256
SYN-011,yes,yes,human,122,pass,95
SYN-012,yes,yes,human,319,pass,192
SYN-013,yes,yes,control,93,pass,196
SYN-014,yes,yes,human,291,pass,153
SYN-015,yes,yes,ai,511,pass,142
SYN-016,yes,yes,ai,643,pass,290
SYN-017,yes,yes,ai,373,pass,192
SYN-018,yes,yes,ai,440,pass,177
SYN-019,yes,yes,ai,348,fail,156
SYN-020,yes,yes,ai,116,pass,196
SYN-021,yes,yes,ai,501,pass,148
SYN-022,yes,yes,human,335,pass,163
SYN-023,yes,yes,control,197,pass,263
SYN-024,yes,yes,human,145,pass,95
SYN-025,yes,yes,human,382,pass,181
SYN-026,yes,yes,ai,257,pass,144
SYN-027,yes,yes,human,147,pass,294
SYN-028,yes,yes,ai,81,pass,214
SYN-029,yes,yes,human,258,pass,190
SYN-030,yes,yes,ai,267,pass,181
SYN-031,yes,yes,human,369,pass,202
SYN-032,yes,yes,human,261,pass,165
SYN-033,yes,yes,control,317,pass,256
SYN-034,yes,yes,human,314,pass,136
SYN-035,yes,yes,control,87,pass,278
SYN-036,yes,yes,ai,605,pass,211
SYN-037,yes,yes,ai,570,pass,249
SYN-038,yes,yes,control,290,fail,188
SYN-039,yes,yes,ai,671,pass,296
SYN-040,yes,yes,ai,457,pass,208
SYN-041,yes,yes,human,346,pass,165
SYN-042,yes,yes,control,438,pass,155
SYN-043,yes,yes,control,541,pass,269
SYN-044,yes,yes,control,121,pass,227
SYN-045,yes,yes,ai,280,pass,257
SYN-046,yes,yes,control,277,pass,256
SYN-047,yes,yes,human,364,pass,95
SYN-048,yes,yes,control,479,pass,225
SYN-049,yes,yes,control,200,pass,132
SYN-050,yes,yes,human,34,pass,280
SYN-051,yes,yes,control,378,pass,223
SYN-052,yes,yes,control,359,fail,254
SYN-053,yes,yes,control,220,pass,173
SYN-054,yes,yes,human,187,pass,237
SYN-055,yes,yes,ai,295,pass,262
SYN-056,yes,yes,control,319,pass,247
SYN-057,yes,yes,control,339,pass,241
SYN-058,yes,yes,control,171,pass,172
SYN-059,yes,yes,control,131,pass,242
SYN-060,yes,yes,human,435,pass,241
